Workbook

Sheet Input & Result
C2: Input Regions | D2: Output Regions | H2: Equation # | I2: Term | J2: Calculation Result | L2: Lower Bound | M2: Upper Bound | O2: Result
H3: N/A | I3: EXAMPLE--> | J3: 2 | L3: 0 | M3: 5 | O3: =IF(Calculations!K3=TRUE,"Within Bounds","Out of Bounds") -> Within Bounds
B4: Term | C4: Input | D4: Equation # (see 'Reference') | F4: *indicated fields can be left blank, and calcuator will estimate a value | H4: 2 | I4: (fin flutter speed -- m/s) Vf = | J4: =IF((AND(C16>0,C15>0)),Calculations!H13,"Missing Inputs") -> 300.13325 | L4: 487.5 | M4: 616.5 | O4: =IF(Calculations!K4=TRUE,"Within Bounds","Out of Bounds") -> Out of Bounds
B5: altitude (meters) | C5: =1066.8+C6 -> 1941.8 | D5: 2.1 | H5: 2.1 | I5: (celsius) TC = | J5: =IF(C5>10,Calculations!H3,"Missing Inputs") -> 2.3783
B6: launch altitude (meters) | C6: 875 | D6: 2.3 | H6: 2.2 | I6: (meters/sec) a = | J6: =IF(C5>10,Calculations!H4,"Missing Inputs") -> 332.81689
B7: launch temperature (celsius)* | D7: 2.3 | H7: 2.3 | I7: (pressure at altitude) p = | J7: =IF(C5>10,Calculations!H5,"Missing Inputs") -> 80.071574
B8: m (sweep length) | C8: 15 | D8: 2.5 | H8: 2.4 | I8: (pressure at launch) po = | J8: =IF(C9>0,Calculations!H6,"Missing Inputs") -> 91.245757
B9: RC (Root chord length) | C9: 46.0375 | D9: 2.5, 2.6, 2.8, 2 | H9: 2.5 | I9: (axial distance: front-centroid) Cx = | J9: =IF(C9>0,Calculations!H7,"Missing Inputs") -> 20.630388
B10: k (ratio of specific heats) | C10: 1.4 | D10: 2.7 | H10: 2.6 | I10: ɛ = | J10: =IF(C9>0,Calculations!H8,"Missing Inputs") -> 0.19812138
B11: Po (launch air pressure)* | D11: 2.7 | H11: 2.7 | I11: (denominator constant) DN = | J11: =IF((AND(C10>0))=TRUE,Calculations!H9,"Missing Inputs") -> 193.34521
B12: Height | C12: 18.1 | D12: 2.8 | F12: Ellitpical or Trapezoidal Fin (check/no check) | H12: 2.8 | I12: Trapezoidal Area = | J12: =IF(F13=FALSE,Calculations!H10,"Not Selected") -> 733.38937
B13: Tip chord length | C13: 35 | D13: 2.8 (trapezoidal only) | F13: FALSE | H13: 2.8 | I13: Elliptical Area = | J13: =IF(F13=TRUE,Calculations!H11,"Not Selected") -> Not Selected
B14: A (aspect ratio)* | D14: 2 | H14: 2.8 | I14: (pseudo tip-chord length) bc = | J14: =IF(C12>0,Calculations!H12,"Missing Inputs") -> 35
B15: t (fin thickness) | C15: 0.476 | D15: 2
B16: GE (shear modulus) | C16: 9997397.2 | D16: 2

Sheet Reference
I3: EQUATION REFERENCE
J4: Equation #2
B5: Example of fin dimmensions:
J12: Equation #2.1 | P12: Equation #2.5
J17: Equation #2.2
P18: Equation #2.6 | S18: Equation #2.7
J22: Equation #2.3
P24: Equation #2.8 (Elliptical):
J28: Equation #2.8 (Trapezoidal):
P30: Equation #2.9

Sheet Calculations
B2: Equation # | C2: Term | D2: Value | E2: Calculation Cells | H2: Result | K2: Upper and Lower Bound Calc
B3: ='Input & Result'!D5 -> 2.1 | C3: ='Input & Result'!B5 -> altitude (meters) | D3: ='Input & Result'!C5 -> 1941.8 | G3: =15-(0.0065*(D3)) -> 2.3783 | H3: =G3 -> 2.3783 | I3: TC | K3: =AND('Input & Result'!J3>'Input & Result'!L3,'Input & Result'!J3<'Input & Result'!M3) -> TRUE
B4: ='Input & Result'!D16 -> 2 | C4: ='Input & Result'!B6 -> launch altitude (meters) | D4: ='Input & Result'!C6 -> 875 | G4: =20.05*(SQRT(273.16+H3)) -> 332.81689 | H4: =G4 -> 332.81689 | I4: a | K4: =AND('Input & Result'!J4>'Input & Result'!L4,'Input & Result'!J4<'Input & Result'!M4) -> FALSE
B5: ='Input & Result'!D7 -> 2.3 | C5: ='Input & Result'!B7 -> launch temperature (celsius)* | D5: ='Input & Result'!C7 -> 0 | F5: =15-(0.0065*(D4)) -> 9.3125 | G5: =101.325*((((H3)+273.16)/288.16)^5.256) -> 80.071574 | H5: =G5 -> 80.071574 | I5: p
B6: ='Input & Result'!D8 -> 2.5 | C6: ='Input & Result'!B8 -> m (sweep length) | D6: ='Input & Result'!C8 -> 15 | F6: {=_xlfn.IFS(D5=0,F5,D5>-1000,D5)} -> 9.3125 | G6: =101.325*((((F6+273.16)/288.16)^5.256)) -> 91.245757 | H6: =G6 -> 91.245757 | I6: p0
B7: ='Input & Result'!D9 -> 2.5, 2.6, 2.8, 2 | C7: ='Input & Result'!B9 -> RC (Root chord length) | D7: ='Input & Result'!C9 -> 46.0375 | E7: =(2*H3*D6)+(H3^2)+(D6*D7)+(H3*D7)+(D7^2) -> 2996.5102 | F7: =3*(H3+D7) -> 145.2474 | G7: =E7/F7 -> 20.630388 | H7: =G7 -> 20.630388 | I7: Cx
B8: ='Input & Result'!D10 -> 2.7 | C8: ='Input & Result'!B10 -> k (ratio of specific heats) | D8: ='Input & Result'!C10 -> 1.4 | G8: =(H7/D7)-0.25 -> 0.19812138 | H8: =G8 -> 0.19812138 | I8: ɛ
B9: ='Input & Result'!D11 -> 2.7 | C9: ='Input & Result'!B11 -> Po (launch air pressure)* | D9: =IF(D4=0,'Input & Result'!C11,H6) -> 91.245757 | G9: =(24*H8*D8*D9)/(PI()) -> 193.34521 | H9: =G9 -> 193.34521 | I9: DN
B10: ='Input & Result'!D12 -> 2.8 | C10: ='Input & Result'!B12 -> Height | D10: ='Input & Result'!C12 -> 18.1 | G10: =D10*((D11+D7)/2) -> 733.38937 | H10: =G10 -> 733.38937 | I10: Area (trap)
B11: ='Input & Result'!D13 -> 2.8 (trapezoidal only) | C11: ='Input & Result'!B13 -> Tip chord length | D11: ='Input & Result'!C13 -> 35 | E11: ellip or trap> | F11: ='Input & Result'!F13 -> FALSE | G11: =(D10*(PI())*(D7/2))/2 -> 654.4556 | H11: =G11 -> 654.4556 | I11: Area (ellip)
B12: ='Input & Result'!D14 -> 2 | C12: ='Input & Result'!B14 -> A (aspect ratio)* | D12: =IF('Input & Result'!C14>0,'Input & Result'!C14,((D10^2)/F17)) -> 0.62007126 | E12: =IF(F11=FALSE,H10,H11) -> 733.38937 | G12: =((E12/D10)*2)-D7 -> 35 | H12: =G12 -> 35 | I12: bc
B13: ='Input & Result'!D15 -> 2 | C13: ='Input & Result'!B15 -> t (fin thickness) | D13: ='Input & Result'!C15 -> 0.476 | E13: =(H9*(D12^3))/(((D13/D7)^3)*(D12+2)) -> 15916936 | F13: =((D11/D7)+1)/2 -> 0.8801249 | G13: =H4*(SQRT(G14)) -> 300.13325 | H13: =G13 -> 300.13325 | I13: Vf
B14: ='Input & Result'!D16 -> 2 | C14: ='Input & Result'!B16 -> GE (shear modulus) | D14: ='Input & Result'!C16 -> 9997397.2 | G14: =ABS(D14/(E13*F13*(H5/D9))) -> 0.81323767
F16: Area | G16: =IF('Input & Result'!F13=FALSE,H10,H11) -> 733.38937 | H16: <-- Calculated area based on formula
E17: Value used by calculator--> | F17: =IF(G17>0,G17,G16) -> 528.3425 | G17: 528.3425
G18: ^Manual area input for atypical fins
D19: Inches to centimeters conversion
C20: Value in inches | D20: 1 | E20: =E21/2.54 -> 0.39370079
C21: Value in centinmeters | D21: =D20*2.54 -> 2.54 | E21: 1
